{"cameraMode":{"drawMode":0,"name":"Shaded","section":"Shading Mode"},"sceneLighting":true,"audioPlay":false,"sceneViewState":{"m_AlwaysRefresh":false,"showFog":true,"showSkybox":true,"showFlares":true,"showImageEffects":true,"showParticleSystems":true,"showVisualEffectGraphs":true,"m_FxEnabled":true},"in2DMode":false,"pivot":{"x":-12.115943908691407,"y":0.07506394386291504,"z":1.6892791986465455},"rotation":{"x":-0.07420986145734787,"y":0.672038733959198,"z":-0.06797896325588227,"w":-0.7336500287055969},"size":7.619218349456787,"orthographic":false}